{
  "training_timestamp": "2025-05-29T12:53:12.246842",
  "models_trained": [
    "binary",
    "multiclass",
    "anomaly"
  ],
  "feature_count": 78,
  "evaluation_results": {
    "binary": {
      "accuracy": 0.9998431302243238,
      "precision": 0.9998431611867263,
      "recall": 0.9998431302243238,
      "f1_score": 0.9998431328738304,
      "feature_importance": {
        "Destination Port": 0.029651784870139055,
        "Flow Duration": 0.004404998313873334,
        "Total Fwd Packets": 0.019566872973904855,
        "Total Backward Packets": 0.01221946003973363,
        "Total Length of Fwd Packets": 0.031003565672984193,
        "Total Length of Bwd Packets": 0.02456757930632599,
        "Fwd Packet Length Max": 0.07014468525996179,
        "Fwd Packet Length Min": 0.001253568704050498,
        "Fwd Packet Length Mean": 0.07034812832238081,
        "Fwd Packet Length Std": 0.013402883547308167,
        "Bwd Packet Length Max": 0.04631287388625513,
        "Bwd Packet Length Min": 0.030561331865139776,
        "Bwd Packet Length Mean": 0.025694048045596617,
        "Bwd Packet Length Std": 0.03350014239116459,
        "Flow Bytes/s": 0.0022419728820956904,
        "Flow Packets/s": 0.0009330324587201642,
        "Flow IAT Mean": 0.00017263205775672696,
        "Flow IAT Std": 0.0060148484350238144,
        "Flow IAT Max": 0.002624927348545555,
        "Flow IAT Min": 0.0005524692238730094,
        "Fwd IAT Total": 0.022826706279942478,
        "Fwd IAT Mean": 0.01881384949782529,
        "Fwd IAT Std": 0.02796147247600698,
        "Fwd IAT Max": 0.018174518997183076,
        "Fwd IAT Min": 0.004339441984970014,
        "Bwd IAT Total": 0.0030054998624970976,
        "Bwd IAT Mean": 0.007934937220438082,
        "Bwd IAT Std": 0.0025885002716022633,
        "Bwd IAT Max": 0.00904820791297393,
        "Bwd IAT Min": 0.0015569813054844373,
        "Fwd PSH Flags": 4.177582410207272e-06,
        "Bwd PSH Flags": 0.0,
        "Fwd URG Flags": 0.0,
        "Bwd URG Flags": 0.0,
        "Fwd Header Length": 0.021170055503419386,
        "Bwd Header Length": 0.037997762275475806,
        "Fwd Packets/s": 0.001596625201311829,
        "Bwd Packets/s": 0.014663989583119083,
        "Min Packet Length": 0.004322468841716689,
        "Max Packet Length": 0.006706689849809992,
        "Packet Length Mean": 0.008046319752553797,
        "Packet Length Std": 0.006248264825711668,
        "Packet Length Variance": 0.006273058686272283,
        "FIN Flag Count": 0.0001074481279086435,
        "SYN Flag Count": 9.751237377443526e-06,
        "RST Flag Count": 5.797313049549342e-15,
        "PSH Flag Count": 0.000623829139529491,
        "ACK Flag Count": 0.0003615824131769257,
        "URG Flag Count": 4.133878610809171e-05,
        "CWE Flag Count": 0.0,
        "ECE Flag Count": 4.948569348252123e-15,
        "Down/Up Ratio": 0.002452052724309439,
        "Average Packet Size": 0.02090001419955507,
        "Avg Fwd Segment Size": 0.055592264343899085,
        "Avg Bwd Segment Size": 0.03682968227459137,
        "Fwd Header Length.1": 0.026876857453604085,
        "Fwd Avg Bytes/Bulk": 0.0,
        "Fwd Avg Packets/Bulk": 0.0,
        "Fwd Avg Bulk Rate": 0.0,
        "Bwd Avg Bytes/Bulk": 0.0,
        "Bwd Avg Packets/Bulk": 0.0,
        "Bwd Avg Bulk Rate": 0.0,
        "Subflow Fwd Packets": 0.022338713233094255,
        "Subflow Fwd Bytes": 0.039610753498286,
        "Subflow Bwd Packets": 0.01764354101299819,
        "Subflow Bwd Bytes": 0.014203127095769985,
        "Init_Win_bytes_forward": 0.052277337184905154,
        "Init_Win_bytes_backward": 0.013301683874313512,
        "act_data_pkt_fwd": 0.0470112658775597,
        "min_seg_size_forward": 0.0008733122328235751,
        "Active Mean": 1.7271008008506182e-05,
        "Active Std": 8.09029300002905e-05,
        "Active Max": 5.6623240672820245e-05,
        "Active Min": 9.985253245884275e-06,
        "Idle Mean": 0.00018500388915117843,
        "Idle Std": 9.428568414401975e-06,
        "Idle Max": 6.59746182694073e-05,
        "Idle Min": 6.892226685893176e-05
      },
      "auc_score": 0.9999796288205172,
      "confusion_matrix": [
        [
          19018,
          1
        ],
        [
          6,
          25598
        ]
      ]
    },
    "multiclass": {
      "accuracy": 0.9998431302243238,
      "precision": 0.9998431611867263,
      "recall": 0.9998431302243238,
      "f1_score": 0.9998431328738304,
      "feature_importance": {
        "Destination Port": 0.029651784870139055,
        "Flow Duration": 0.004404998313873334,
        "Total Fwd Packets": 0.019566872973904855,
        "Total Backward Packets": 0.01221946003973363,
        "Total Length of Fwd Packets": 0.031003565672984193,
        "Total Length of Bwd Packets": 0.02456757930632599,
        "Fwd Packet Length Max": 0.07014468525996179,
        "Fwd Packet Length Min": 0.001253568704050498,
        "Fwd Packet Length Mean": 0.07034812832238081,
        "Fwd Packet Length Std": 0.013402883547308167,
        "Bwd Packet Length Max": 0.04631287388625513,
        "Bwd Packet Length Min": 0.030561331865139776,
        "Bwd Packet Length Mean": 0.025694048045596617,
        "Bwd Packet Length Std": 0.03350014239116459,
        "Flow Bytes/s": 0.0022419728820956904,
        "Flow Packets/s": 0.0009330324587201642,
        "Flow IAT Mean": 0.00017263205775672696,
        "Flow IAT Std": 0.0060148484350238144,
        "Flow IAT Max": 0.002624927348545555,
        "Flow IAT Min": 0.0005524692238730094,
        "Fwd IAT Total": 0.022826706279942478,
        "Fwd IAT Mean": 0.01881384949782529,
        "Fwd IAT Std": 0.02796147247600698,
        "Fwd IAT Max": 0.018174518997183076,
        "Fwd IAT Min": 0.004339441984970014,
        "Bwd IAT Total": 0.0030054998624970976,
        "Bwd IAT Mean": 0.007934937220438082,
        "Bwd IAT Std": 0.0025885002716022633,
        "Bwd IAT Max": 0.00904820791297393,
        "Bwd IAT Min": 0.0015569813054844373,
        "Fwd PSH Flags": 4.177582410207272e-06,
        "Bwd PSH Flags": 0.0,
        "Fwd URG Flags": 0.0,
        "Bwd URG Flags": 0.0,
        "Fwd Header Length": 0.021170055503419386,
        "Bwd Header Length": 0.037997762275475806,
        "Fwd Packets/s": 0.001596625201311829,
        "Bwd Packets/s": 0.014663989583119083,
        "Min Packet Length": 0.004322468841716689,
        "Max Packet Length": 0.006706689849809992,
        "Packet Length Mean": 0.008046319752553797,
        "Packet Length Std": 0.006248264825711668,
        "Packet Length Variance": 0.006273058686272283,
        "FIN Flag Count": 0.0001074481279086435,
        "SYN Flag Count": 9.751237377443526e-06,
        "RST Flag Count": 5.797313049549342e-15,
        "PSH Flag Count": 0.000623829139529491,
        "ACK Flag Count": 0.0003615824131769257,
        "URG Flag Count": 4.133878610809171e-05,
        "CWE Flag Count": 0.0,
        "ECE Flag Count": 4.948569348252123e-15,
        "Down/Up Ratio": 0.002452052724309439,
        "Average Packet Size": 0.02090001419955507,
        "Avg Fwd Segment Size": 0.055592264343899085,
        "Avg Bwd Segment Size": 0.03682968227459137,
        "Fwd Header Length.1": 0.026876857453604085,
        "Fwd Avg Bytes/Bulk": 0.0,
        "Fwd Avg Packets/Bulk": 0.0,
        "Fwd Avg Bulk Rate": 0.0,
        "Bwd Avg Bytes/Bulk": 0.0,
        "Bwd Avg Packets/Bulk": 0.0,
        "Bwd Avg Bulk Rate": 0.0,
        "Subflow Fwd Packets": 0.022338713233094255,
        "Subflow Fwd Bytes": 0.039610753498286,
        "Subflow Bwd Packets": 0.01764354101299819,
        "Subflow Bwd Bytes": 0.014203127095769985,
        "Init_Win_bytes_forward": 0.052277337184905154,
        "Init_Win_bytes_backward": 0.013301683874313512,
        "act_data_pkt_fwd": 0.0470112658775597,
        "min_seg_size_forward": 0.0008733122328235751,
        "Active Mean": 1.7271008008506182e-05,
        "Active Std": 8.09029300002905e-05,
        "Active Max": 5.6623240672820245e-05,